{"@timestamp":"2023-03-22T13:18:45.613Z", "log.level": "WARN",  "data_stream.dataset":"deprecation.elasticsearch","data_stream.namespace":"default","data_stream.type":"logs","elasticsearch.elastic_product_origin":"kibana","elasticsearch.event.category":"api","elasticsearch.http.request.x_opaque_id":"unknownId;kibana:task%20manager:run%20security%3Atelemetry-prebuilt-rule-alerts:security%3Atelemetry-prebuilt-rule-alerts%3A1.0.0","event.code":"deprecated_field_exclude","message":"Deprecated field [exclude] used, expected [excludes] instead" , "ecs.version": "1.2.0","service.name":"ES_ECS","event.dataset":"deprecation.elasticsearch","process.thread.name":"elasticsearch[elk][transport_worker][T#10]","log.logger":"org.elasticsearch.deprecation.xcontent.ParseField","trace.id":"b9115e6e9bfe19852770edb0cb6b975d","elasticsearch.cluster.uuid":"sIDfwXyGQF2wqsezcFV-Zw","elasticsearch.node.id":"BwN8JfK6Q4O-Is1OwPx6oA","elasticsearch.node.name":"elk","elasticsearch.cluster.name":"elasticsearch"}
